{
  "Age": {
    "histogram": [
      2,
      1,
      0,
      1,
      0,
      1,
      1,
      0,
      0,
      1,
      0,
      0,
      0,
      1,
      0,
      1,
      0,
      0,
      0,
      1
    ],
    "bins": [
      27.0,
      28.15,
      29.3,
      30.45,
      31.6,
      32.75,
      33.9,
      35.05,
      36.2,
      37.35,
      38.5,
      39.65,
      40.8,
      41.95,
      43.099999999999994,
      44.25,
      45.4,
      46.55,
      47.7,
      48.849999999999994,
      50.0
    ],
    "bin_edges": [
      27.0,
      28.15,
      29.3,
      30.45,
      31.6,
      32.75,
      33.9,
      35.05,
      36.2,
      37.35,
      38.5,
      39.65,
      40.8,
      41.95,
      43.099999999999994,
      44.25,
      45.4,
      46.55,
      47.7,
      48.849999999999994
    ],
    "bin_widths": [
      1.1499999999999986,
      1.1500000000000021,
      1.1499999999999986,
      1.1500000000000021,
      1.1499999999999986,
      1.1499999999999986,
      1.1499999999999986,
      1.1500000000000057,
      1.1499999999999986,
      1.1499999999999986,
      1.1499999999999986,
      1.1499999999999986,
      1.1500000000000057,
      1.1499999999999915,
      1.1500000000000057,
      1.1499999999999986,
      1.1499999999999986,
      1.1500000000000057,
      1.1499999999999915,
      1.1500000000000057
    ]
  },
  "Salary": {
    "histogram": [
      1,
      1,
      0,
      1,
      0,
      1,
      1,
      0,
      1,
      1,
      0,
      0,
      1,
      0,
      0,
      1,
      0,
      0,
      0,
      1
    ],
    "bins": [
      42000.0,
      43900.0,
      45800.0,
      47700.0,
      49600.0,
      51500.0,
      53400.0,
      55300.0,
      57200.0,
      59100.0,
      61000.0,
      62900.0,
      64800.0,
      66700.0,
      68600.0,
      70500.0,
      72400.0,
      74300.0,
      76200.0,
      78100.0,
      80000.0
    ],
    "bin_edges": [
      42000.0,
      43900.0,
      45800.0,
      47700.0,
      49600.0,
      51500.0,
      53400.0,
      55300.0,
      57200.0,
      59100.0,
      61000.0,
      62900.0,
      64800.0,
      66700.0,
      68600.0,
      70500.0,
      72400.0,
      74300.0,
      76200.0,
      78100.0
    ],
    "bin_widths": [
      1900.0,
      1900.0,
      1900.0,
      1900.0,
      1900.0,
      1900.0,
      1900.0,
      1900.0,
      1900.0,
      1900.0,
      1900.0,
      1900.0,
      1900.0,
      1900.0,
      1900.0,
      1900.0,
      1900.0,
      1900.0,
      1900.0,
      1900.0
    ]
  },
  "Experience": {
    "histogram": [
      2,
      1,
      1,
      0,
      1,
      1,
      0,
      0,
      1,
      0,
      0,
      1,
      0,
      0,
      0,
      1,
      0,
      0,
      0,
      1
    ],
    "bins": [
      2.0,
      3.15,
      4.3,
      5.449999999999999,
      6.6,
      7.75,
      8.899999999999999,
      10.049999999999999,
      11.2,
      12.35,
      13.5,
      14.649999999999999,
      15.799999999999999,
      16.95,
      18.099999999999998,
      19.25,
      20.4,
      21.549999999999997,
      22.7,
      23.849999999999998,
      25.0
    ],
    "bin_edges": [
      2.0,
      3.15,
      4.3,
      5.449999999999999,
      6.6,
      7.75,
      8.899999999999999,
      10.049999999999999,
      11.2,
      12.35,
      13.5,
      14.649999999999999,
      15.799999999999999,
      16.95,
      18.099999999999998,
      19.25,
      20.4,
      21.549999999999997,
      22.7,
      23.849999999999998
    ],
    "bin_widths": [
      1.15,
      1.15,
      1.1499999999999995,
      1.1500000000000004,
      1.1500000000000004,
      1.1499999999999986,
      1.1500000000000004,
      1.1500000000000004,
      1.1500000000000004,
      1.1500000000000004,
      1.1499999999999986,
      1.1500000000000004,
      1.1500000000000004,
      1.1499999999999986,
      1.1500000000000021,
      1.1499999999999986,
      1.1499999999999986,
      1.1500000000000021,
      1.1499999999999986,
      1.1500000000000021
    ]
  }
}