{
  "Age": {
    "Age": 1.0,
    "Salary": 0.9852081373081879,
    "Experience": 0.9943949459160092
  },
  "Salary": {
    "Age": 0.9852081373081879,
    "Salary": 1.0,
    "Experience": 0.9822106519088574
  },
  "Experience": {
    "Age": 0.9943949459160092,
    "Salary": 0.9822106519088574,
    "Experience": 1.0
  }
}