,Age,Salary,Experience
Age,1.0,0.9852081373081879,0.9943949459160092
Salary,0.9852081373081879,1.0,0.9822106519088574
Experience,0.9943949459160092,0.9822106519088574,1.0
