{
  "Age": {
    "count": 10,
    "mean": 35.8,
    "std": 7.786027371016765,
    "min": 27.0,
    "25%": 29.5,
    "50%": 34.0,
    "75%": 41.0,
    "max": 50.0
  },
  "Salary": {
    "count": 10,
    "mean": 57700.0,
    "std": 12028.207587906762,
    "min": 42000.0,
    "25%": 49000.0,
    "50%": 56500.0,
    "75%": 63750.0,
    "max": 80000.0
  },
  "Experience": {
    "count": 10,
    "mean": 10.1,
    "std": 7.752418977325722,
    "min": 2.0,
    "25%": 4.25,
    "50%": 7.5,
    "75%": 14.25,
    "max": 25.0
  }
}