,customer_id,age,income,purchase_amount,purchase_frequency,satisfaction_score,is_premium,last_purchase_days
customer_id,1.0,0.09399988210790476,0.031417635322890755,0.10329878661930068,0.050152636226245446,-0.05717497240522858,-0.040844910385451405,0.10977806577969727
age,0.09399988210790476,1.0,0.9918461096925923,0.2403597163546967,0.14329666036624641,0.32642701948470926,0.6623798045174862,-0.5536814599450222
income,0.031417635322890755,0.9918461096925923,1.0,0.22124229869919576,0.11888235423560516,0.36296807439886075,0.6735160596551999,-0.5665664329336156
purchase_amount,0.10329878661930068,0.2403597163546967,0.22124229869919576,1.0,0.8335140393400835,-0.18168913280471052,0.1940652864182172,-0.6488107974294346
purchase_frequency,0.050152636226245446,0.14329666036624641,0.11888235423560516,0.8335140393400835,1.0,-0.2337509773179619,0.08686796632626373,-0.5004109194546699
satisfaction_score,-0.05717497240522858,0.32642701948470926,0.36296807439886075,-0.18168913280471052,-0.2337509773179619,1.0,0.32286895078037187,-0.1367668873636349
is_premium,-0.040844910385451405,0.6623798045174862,0.6735160596551999,0.1940652864182172,0.08686796632626373,0.32286895078037187,1.0,-0.6190406166789336
last_purchase_days,0.10977806577969727,-0.5536814599450222,-0.5665664329336156,-0.6488107974294346,-0.5004109194546699,-0.1367668873636349,-0.6190406166789336,1.0
