{
  "customer_id": {
    "customer_id": 1.0,
    "age": 0.09399988210790476,
    "income": 0.031417635322890755,
    "purchase_amount": 0.10329878661930068,
    "purchase_frequency": 0.050152636226245446,
    "satisfaction_score": -0.05717497240522858,
    "is_premium": -0.040844910385451405,
    "last_purchase_days": 0.10977806577969727
  },
  "age": {
    "customer_id": 0.09399988210790476,
    "age": 1.0,
    "income": 0.9918461096925923,
    "purchase_amount": 0.2403597163546967,
    "purchase_frequency": 0.14329666036624641,
    "satisfaction_score": 0.32642701948470926,
    "is_premium": 0.6623798045174862,
    "last_purchase_days": -0.5536814599450222
  },
  "income": {
    "customer_id": 0.031417635322890755,
    "age": 0.9918461096925923,
    "income": 1.0,
    "purchase_amount": 0.22124229869919576,
    "purchase_frequency": 0.11888235423560516,
    "satisfaction_score": 0.36296807439886075,
    "is_premium": 0.6735160596551999,
    "last_purchase_days": -0.5665664329336156
  },
  "purchase_amount": {
    "customer_id": 0.10329878661930068,
    "age": 0.2403597163546967,
    "income": 0.22124229869919576,
    "purchase_amount": 1.0,
    "purchase_frequency": 0.8335140393400835,
    "satisfaction_score": -0.18168913280471052,
    "is_premium": 0.1940652864182172,
    "last_purchase_days": -0.6488107974294346
  },
  "purchase_frequency": {
    "customer_id": 0.050152636226245446,
    "age": 0.14329666036624641,
    "income": 0.11888235423560516,
    "purchase_amount": 0.8335140393400835,
    "purchase_frequency": 1.0,
    "satisfaction_score": -0.2337509773179619,
    "is_premium": 0.08686796632626373,
    "last_purchase_days": -0.5004109194546699
  },
  "satisfaction_score": {
    "customer_id": -0.05717497240522858,
    "age": 0.32642701948470926,
    "income": 0.36296807439886075,
    "purchase_amount": -0.18168913280471052,
    "purchase_frequency": -0.2337509773179619,
    "satisfaction_score": 1.0,
    "is_premium": 0.32286895078037187,
    "last_purchase_days": -0.1367668873636349
  },
  "is_premium": {
    "customer_id": -0.040844910385451405,
    "age": 0.6623798045174862,
    "income": 0.6735160596551999,
    "purchase_amount": 0.1940652864182172,
    "purchase_frequency": 0.08686796632626373,
    "satisfaction_score": 0.32286895078037187,
    "is_premium": 1.0,
    "last_purchase_days": -0.6190406166789336
  },
  "last_purchase_days": {
    "customer_id": 0.10977806577969727,
    "age": -0.5536814599450222,
    "income": -0.5665664329336156,
    "purchase_amount": -0.6488107974294346,
    "purchase_frequency": -0.5004109194546699,
    "satisfaction_score": -0.1367668873636349,
    "is_premium": -0.6190406166789336,
    "last_purchase_days": 1.0
  }
}