{
  "customer_id": {
    "histogram": [
      5,
      5,
      5,
      5,
      5,
      5,
      5,
      5,
      5,
      5,
      5,
      5,
      5,
      5,
      5,
      5,
      5,
      5,
      5,
      5
    ],
    "bins": [
      1.0,
      5.95,
      10.9,
      15.850000000000001,
      20.8,
      25.75,
      30.700000000000003,
      35.65,
      40.6,
      45.550000000000004,
      50.5,
      55.45,
      60.400000000000006,
      65.35000000000001,
      70.3,
      75.25,
      80.2,
      85.15,
      90.10000000000001,
      95.05,
      100.0
    ],
    "bin_edges": [
      1.0,
      5.95,
      10.9,
      15.850000000000001,
      20.8,
      25.75,
      30.700000000000003,
      35.65,
      40.6,
      45.550000000000004,
      50.5,
      55.45,
      60.400000000000006,
      65.35000000000001,
      70.3,
      75.25,
      80.2,
      85.15,
      90.10000000000001,
      95.05
    ],
    "bin_widths": [
      4.95,
      4.95,
      4.950000000000001,
      4.949999999999999,
      4.949999999999999,
      4.950000000000003,
      4.949999999999996,
      4.950000000000003,
      4.950000000000003,
      4.949999999999996,
      4.950000000000003,
      4.950000000000003,
      4.950000000000003,
      4.949999999999989,
      4.950000000000003,
      4.950000000000003,
      4.950000000000003,
      4.950000000000003,
      4.949999999999989,
      4.950000000000003
    ]
  },
  "age": {
    "histogram": [
      2,
      5,
      7,
      4,
      7,
      7,
      4,
      6,
      4,
      2,
      4,
      6,
      6,
      4,
      7,
      6,
      3,
      6,
      6,
      4
    ],
    "bins": [
      22.0,
      23.7,
      25.4,
      27.1,
      28.8,
      30.5,
      32.2,
      33.9,
      35.6,
      37.3,
      39.0,
      40.7,
      42.4,
      44.099999999999994,
      45.8,
      47.5,
      49.2,
      50.9,
      52.599999999999994,
      54.3,
      56.0
    ],
    "bin_edges": [
      22.0,
      23.7,
      25.4,
      27.1,
      28.8,
      30.5,
      32.2,
      33.9,
      35.6,
      37.3,
      39.0,
      40.7,
      42.4,
      44.099999999999994,
      45.8,
      47.5,
      49.2,
      50.9,
      52.599999999999994,
      54.3
    ],
    "bin_widths": [
      1.6999999999999993,
      1.6999999999999993,
      1.7000000000000028,
      1.6999999999999993,
      1.6999999999999993,
      1.7000000000000028,
      1.6999999999999957,
      1.7000000000000028,
      1.6999999999999957,
      1.7000000000000028,
      1.7000000000000028,
      1.6999999999999957,
      1.6999999999999957,
      1.7000000000000028,
      1.7000000000000028,
      1.7000000000000028,
      1.6999999999999957,
      1.6999999999999957,
      1.7000000000000028,
      1.7000000000000028
    ]
  },
  "income": {
    "histogram": [
      2,
      7,
      5,
      6,
      4,
      8,
      5,
      4,
      2,
      4,
      7,
      6,
      7,
      4,
      6,
      4,
      6,
      4,
      6,
      3
    ],
    "bins": [
      31000.0,
      33550.0,
      36100.0,
      38650.0,
      41200.0,
      43750.0,
      46300.0,
      48850.0,
      51400.0,
      53950.0,
      56500.0,
      59050.0,
      61600.0,
      64150.0,
      66700.0,
      69250.0,
      71800.0,
      74350.0,
      76900.0,
      79450.0,
      82000.0
    ],
    "bin_edges": [
      31000.0,
      33550.0,
      36100.0,
      38650.0,
      41200.0,
      43750.0,
      46300.0,
      48850.0,
      51400.0,
      53950.0,
      56500.0,
      59050.0,
      61600.0,
      64150.0,
      66700.0,
      69250.0,
      71800.0,
      74350.0,
      76900.0,
      79450.0
    ],
    "bin_widths": [
      2550.0,
      2550.0,
      2550.0,
      2550.0,
      2550.0,
      2550.0,
      2550.0,
      2550.0,
      2550.0,
      2550.0,
      2550.0,
      2550.0,
      2550.0,
      2550.0,
      2550.0,
      2550.0,
      2550.0,
      2550.0,
      2550.0,
      2550.0
    ]
  },
  "purchase_amount": {
    "histogram": [
      1,
      2,
      7,
      6,
      6,
      5,
      7,
      7,
      6,
      5,
      1,
      5,
      5,
      7,
      6,
      5,
      4,
      5,
      5,
      5
    ],
    "bins": [
      55.0,
      59.75,
      64.5,
      69.25,
      74.0,
      78.75,
      83.5,
      88.25,
      93.0,
      97.75,
      102.5,
      107.25,
      112.0,
      116.75,
      121.5,
      126.25,
      131.0,
      135.75,
      140.5,
      145.25,
      150.0
    ],
    "bin_edges": [
      55.0,
      59.75,
      64.5,
      69.25,
      74.0,
      78.75,
      83.5,
      88.25,
      93.0,
      97.75,
      102.5,
      107.25,
      112.0,
      116.75,
      121.5,
      126.25,
      131.0,
      135.75,
      140.5,
      145.25
    ],
    "bin_widths": [
      4.75,
      4.75,
      4.75,
      4.75,
      4.75,
      4.75,
      4.75,
      4.75,
      4.75,
      4.75,
      4.75,
      4.75,
      4.75,
      4.75,
      4.75,
      4.75,
      4.75,
      4.75,
      4.75,
      4.75
    ]
  },
  "purchase_frequency": {
    "histogram": [
      25,
      0,
      0,
      0,
      0,
      0,
      27,
      0,
      0,
      0,
      0,
      0,
      0,
      24,
      0,
      0,
      0,
      0,
      0,
      24
    ],
    "bins": [
      1.0,
      1.15,
      1.3,
      1.45,
      1.6,
      1.75,
      1.9,
      2.05,
      2.2,
      2.3499999999999996,
      2.5,
      2.65,
      2.8,
      2.95,
      3.1,
      3.25,
      3.4,
      3.55,
      3.6999999999999997,
      3.85,
      4.0
    ],
    "bin_edges": [
      1.0,
      1.15,
      1.3,
      1.45,
      1.6,
      1.75,
      1.9,
      2.05,
      2.2,
      2.3499999999999996,
      2.5,
      2.65,
      2.8,
      2.95,
      3.1,
      3.25,
      3.4,
      3.55,
      3.6999999999999997,
      3.85
    ],
    "bin_widths": [
      0.1499999999999999,
      0.15000000000000013,
      0.1499999999999999,
      0.15000000000000013,
      0.1499999999999999,
      0.1499999999999999,
      0.1499999999999999,
      0.15000000000000036,
      0.14999999999999947,
      0.15000000000000036,
      0.1499999999999999,
      0.1499999999999999,
      0.15000000000000036,
      0.1499999999999999,
      0.1499999999999999,
      0.1499999999999999,
      0.1499999999999999,
      0.1499999999999999,
      0.15000000000000036,
      0.1499999999999999
    ]
  },
  "satisfaction_score": {
    "histogram": [
      18,
      0,
      0,
      0,
      0,
      21,
      0,
      0,
      0,
      0,
      20,
      0,
      0,
      0,
      0,
      20,
      0,
      0,
      0,
      21
    ],
    "bins": [
      5.0,
      5.2,
      5.4,
      5.6,
      5.8,
      6.0,
      6.2,
      6.4,
      6.6,
      6.8,
      7.0,
      7.2,
      7.4,
      7.6,
      7.800000000000001,
      8.0,
      8.2,
      8.4,
      8.6,
      8.8,
      9.0
    ],
    "bin_edges": [
      5.0,
      5.2,
      5.4,
      5.6,
      5.8,
      6.0,
      6.2,
      6.4,
      6.6,
      6.8,
      7.0,
      7.2,
      7.4,
      7.6,
      7.800000000000001,
      8.0,
      8.2,
      8.4,
      8.6,
      8.8
    ],
    "bin_widths": [
      0.20000000000000018,
      0.20000000000000018,
      0.1999999999999993,
      0.20000000000000018,
      0.20000000000000018,
      0.20000000000000018,
      0.20000000000000018,
      0.1999999999999993,
      0.20000000000000018,
      0.20000000000000018,
      0.20000000000000018,
      0.20000000000000018,
      0.1999999999999993,
      0.20000000000000107,
      0.1999999999999993,
      0.1999999999999993,
      0.20000000000000107,
      0.1999999999999993,
      0.20000000000000107,
      0.1999999999999993
    ]
  }
}