{
  "customer_id": {
    "count": 100,
    "mean": 50.5,
    "std": 29.011491975882016,
    "min": 1.0,
    "25%": 25.75,
    "50%": 50.5,
    "75%": 75.25,
    "max": 100.0
  },
  "age": {
    "count": 100,
    "mean": 39.19,
    "std": 9.746996429359118,
    "min": 22.0,
    "25%": 30.75,
    "50%": 39.0,
    "75%": 47.25,
    "max": 56.0
  },
  "income": {
    "count": 100,
    "mean": 56400.0,
    "std": 14351.292483940111,
    "min": 31000.0,
    "25%": 44000.0,
    "50%": 58000.0,
    "75%": 68250.0,
    "max": 82000.0
  },
  "purchase_amount": {
    "count": 100,
    "mean": 103.8,
    "std": 27.368787058444973,
    "min": 55.0,
    "25%": 80.0,
    "50%": 100.0,
    "75%": 125.0,
    "max": 150.0
  },
  "purchase_frequency": {
    "count": 100,
    "mean": 2.47,
    "std": 1.1142329879855253,
    "min": 1.0,
    "25%": 1.75,
    "50%": 2.0,
    "75%": 3.0,
    "max": 4.0
  },
  "satisfaction_score": {
    "count": 100,
    "mean": 7.05,
    "std": 1.4097424365371631,
    "min": 5.0,
    "25%": 6.0,
    "50%": 7.0,
    "75%": 8.0,
    "max": 9.0
  },
  "is_premium": {
    "count": 100,
    "mean": 0.29,
    "std": 0.4560480215720687,
    "min": 0.0,
    "25%": 0.0,
    "50%": 0.0,
    "75%": 1.0,
    "max": 1.0
  },
  "last_purchase_days": {
    "count": 100,
    "mean": 61.0,
    "std": 32.952981502422354,
    "min": 8.0,
    "25%": 32.75,
    "50%": 57.5,
    "75%": 89.5,
    "max": 124.0
  }
}